Väli;100 Autoa / vrk;Osuus
HeLa;212;0.542199488491049
LaJy;53;0.135549872122762
JyOu;30;0.0767263427109974
OuKe;62;0.158567774936061
KeRo;31;0.0792838874680307
RoUt;3;0.00767263427109974
